{ "compressionlevel":0,
 "height":2,
 "infinite":false,
 "layers":[
        {
         "data":[71, 0, 0, 0, 0, 0, 0, 0, 0, 0, 0, 0, 0, 0, 0, 0, 0, 0, 0, 0, 0, 0, 0, 0, 71, 73, 73, 73, 73, 73, 73, 73, 73, 73, 73, 73, 73, 73, 73, 73, 73, 73, 73, 73, 73, 73, 73, 73, 73, 73],
         "height":2,
         "id":1,
         "name":"Capa de patrones 1",
         "opacity":1,
         "type":"tilelayer",
         "visible":true,
         "width":25,
         "x":0,
         "y":0
        }],
 "nextlayerid":2,
 "nextobjectid":1,
 "orientation":"orthogonal",
 "renderorder":"right-down",
 "tiledversion":"1.3.2",
 "tileheight":16,
 "tilesets":[
        {
         "columns":10,
         "firstgid":1,
         "image":"texture.png",
         "imageheight":224,
         "imagewidth":160,
         "margin":0,
         "name":"inca_front",
         "spacing":0,
         "tilecount":140,
         "tileheight":16,
         "tilewidth":16
        }],
 "tilewidth":16,
 "type":"map",
 "version":1.2,
 "width":25
}